"slot_id","group","lineage_id","parent_slot_id","text_sha256","is_seed","realized_raised_usd","deepseek_win_rate","qwen_wins","qwen_matches","qwen_win_rate","qwen_minus_deepseek"
"original:toolkaiser","original","toolkaiser","","2d0bf42af985dca46d192076249f2ff225159edced765e523d11df6ed8ac9638","false","12869","0.706900","31.0","58","0.534483","-0.172417"
"original:kebo","original","kebo","","aa5f9558db21564e3a2b1ba7ab450e67d48c8dc3c36bf78e57b61b310977341e","true","715","0.034500","0.0","58","0.000000","-0.034500"
"original:kujietool","original","kujietool","","69db6f7ae6b516bfde4294aa7e7c619713dde652b97c3e29afb61b71f645217d","false","138547","0.724100","33.0","58","0.568966","-0.155134"
"original:genaix","original","genaix","","a2763eb0a850c90a9c3db2e9e5fa4a09964db60aa817ae5312bd9f83ed62fac2","true","125","0.362100","45.0","58","0.775862","0.413762"
"original:hply","original","hply","","2b9ec4f0a2c9962a51def02a800b502f5478cdb6e5dcfb6d6336e56b6e89cda7","true","6604","0.448300","37.0","58","0.637931","0.189631"
"original:pictomic","original","pictomic","","e133ba0ed3f49b5ec25f7860f9d4c1f2f7cfaa92352e24ddc1e3fbc242026551","false","2998","0.844800","26.0","58","0.448276","-0.396524"
"original:humanecheck","original","humanecheck","","5ed9c1bb776a21656f9a183c202d2ec131c28ee51b1bb262b94120d1d78249e1","false","13172","0.844800","46.0","58","0.793103","-0.051697"
"original:ubo-pod","original","ubo-pod","","168019bd98a32a5b70bbd3d571cf642c5ab036f9fb8a105c797a04a40cb31d32","false","37200","0.844800","44.0","58","0.758621","-0.086179"
"original:dreamie","original","dreamie","","ad7f5f72811c15c249462f319fa83d5e8475e7f1c8d8f800c0b38580fbe5bf4e","false","44358","0.965500","51.0","58","0.879310","-0.086190"
"original:pickup","original","pickup","","ec828e8c63ce315146acb6e429c46a9969ac598304bb7746444cd2681250629b","false","15600","0.491400","43.0","58","0.741379","0.249979"
"original:angelry","original","angelry","","9a2b3163172ed0dd22fec559790c821c9291f5e5301c5f8c794976f84a2bf15c","true","21821","0.396600","12.0","58","0.206897","-0.189703"
"original:soloist","original","soloist","","e5c3778bdcb7700aae7af216ea934e9af1195b409f47d8918c6d5a16e5e66c70","false","11165","0.465500","25.0","58","0.431034","-0.034466"
"original:cop-rights","original","cop-rights","","e8292275104e5d5c5a1bd4057c88a796515519110881d05414c8f80b242b951d","false","25","0.637900","30.0","58","0.517241","-0.120659"
"original:zulni","original","zulni","","47a4deea25663ec2640e191235bde35734ebd562418c59679737cc47e7a0b64b","false","282","0.482800","37.0","58","0.637931","0.155131"
"original:voyagx","original","voyagx","","d9a193ff6a51d00e8b26cb3178e0beb0ef707332bcd93a8f09fe3f38fd697321","true","35","0.137900","12.0","58","0.206897","0.068997"
"original:clockchain","original","clockchain","","53aff7862f42a2fa6ed3d9592cf4b898aa7e75287aeb570a7930b2ed47d80db4","true","50","0.465500","27.0","58","0.465517","0.000017"
"original:my-story","original","my-story","","42ceb839f260704e0146114892261ce378873dc829592e9df08ef6f0260ee5d8","true","808","0.000000","8.0","58","0.137931","0.137931"
"original:hooper","original","hooper","","de2d4db31657fbd2bc0a5d4fc1eac231f8a48fe37fabef7f80ba12a5c6e1617b","true","10","0.310300","19.0","58","0.327586","0.017286"
"original:lifesummary","original","lifesummary","","0a8a6fe57a7b0e4a5d0a6d0eb186271d4b0ab0e0aad3369581af7eb679c313de","false","8773","0.724100","37.0","58","0.637931","-0.086169"
"original:fraction","original","fraction","","38a892df52e4e0b84a7ea0d1fbaf9ba535f568579907894c8bafaef58a0615a3","false","428684","0.948300","57.0","58","0.982759","0.034459"
"original:cyberdesk","original","cyberdesk","","a5eb2a7a2bc9810c89b4d488eedb666abc300a8b3fc41b865a33417e909a288f","false","2245","0.637900","47.0","58","0.810345","0.172445"
"original:remotion-ai","original","remotion-ai","","a1db6a7f50f63f1e382f0276ec390d745dfcd680d68bcea160a045b6c8daf814","true","10","0.206900","13.0","58","0.224138","0.017238"
"original:lumivisor","original","lumivisor","","7417287441e403253d30caba989c9a87c36b95de1d711139f075fdfbc9d5bff9","true","20907","0.189700","2.0","58","0.034483","-0.155217"
"original:lockguard","original","lockguard","","85586363742e7fad98837786cac3e08b5153593f61259922f220c27b576993f8","true","752","0.379300","23.0","58","0.396552","0.017252"
"original:rent-a-bee","original","rent-a-bee","","a7c6204eb60db33593223d9c9797511d942dcba156803109bf96e52826bdabe5","true","573","0.327600","33.0","58","0.568966","0.241366"
"original:prolo-ring","original","prolo-ring","","b0a8919ffab7e27b2f6225182dd761f3d5e6e75f4463bd4a5d720d6ed475bde2","false","481926","0.862100","47.0","58","0.810345","-0.051755"
"original:viaia","original","viaia","","60245d6c6a51078aecaf432c550820b42dfdb42b75bd0d88c26865c5dcf681d7","true","14","0.189700","7.0","58","0.120690","-0.069010"
"original:sale-finder","original","sale-finder","","99a71556f4da16dc0514ab1318c580866b639a23ebca1f263f91032738283bb2","true","195","0.362100","19.0","58","0.327586","-0.034514"
"original:robotin-r2","original","robotin-r2","","11dd1ff97c27a5f0abe66777b3d339935692c516dd1b68b712d1db295b02433d","false","74373","0.663800","43.0","58","0.741379","0.077579"
"original:bugout-battery","original","bugout-battery","","16027f289600dd624cccc54df40acdeec53500deb99302a6a427d617baebcea0","true","451","0.344800","16.0","58","0.275862","-0.068938"
"global-final:g12-s00","global_final","g12-s00","","32e29848e1c2dce8c63fa448c1dfc1617a24276122d991e090b2388763199fec","false","","0.383300","37.0","60","0.616667","0.233367"
"polished:g12-s00","polished","g12-s00","global-final:g12-s00","97d6fe74e9110a816c2baa900dbc8d281ef575e395321f88d08004f48c6f8b5a","false","","0.683300","51.0","60","0.850000","0.166700"
"global-final:g12-s01","global_final","g12-s01","","59898d3c8cf8f22980797e63a95c53dfcbcdbfcaddf645144daf9557354c9498","false","","0.283300","39.0","60","0.650000","0.366700"
"polished:g12-s01","polished","g12-s01","global-final:g12-s01","70ee92e4340640c3ba8318e6bba3e8e4b1340db6676957e950cf0736fa9c253e","false","","0.533300","46.0","60","0.766667","0.233367"
"global-final:g12-s02","global_final","g12-s02","","cfd991cdea9ae5cb0c0049ad216493ee11bc114fc5e0f2c030f637474670a7fb","false","","0.350000","30.0","60","0.500000","0.150000"
"polished:g12-s02","polished","g12-s02","global-final:g12-s02","70dccdc1c7eb69f040d1158ed03d104f8fa5984b7b393427a1a922f1702be8ea","false","","0.633300","33.0","60","0.550000","-0.083300"
"global-final:g12-s03","global_final","g12-s03","","4357db93fbd5fad3f9bc4d8189393e6ce866271b6378ea2ae506078ff59c96c3","false","","0.366700","41.0","60","0.683333","0.316633"
"polished:g12-s03","polished","g12-s03","global-final:g12-s03","e341fd3f2e290d5b544a15985ed22a2bc8b335aa133fb09fae91512dd74ddd0b","false","","0.550000","50.0","60","0.833333","0.283333"
"global-final:g12-s04","global_final","g12-s04","","5bfa3529386b2a276f332d07f177a6e6904db348e7a3b50c7ddf1f0a6817e825","false","","0.400000","44.0","60","0.733333","0.333333"
"polished:g12-s04","polished","g12-s04","global-final:g12-s04","9cac891a79f5a39ad2f5fac3e79b7b6c0a31367b14ab0cc6aaed9b3ffc4dee1f","false","","0.733300","48.0","60","0.800000","0.066700"
"global-final:g12-s05","global_final","g12-s05","","5bfa3529386b2a276f332d07f177a6e6904db348e7a3b50c7ddf1f0a6817e825","false","","0.400000","44.0","60","0.733333","0.333333"
"polished:g12-s05","polished","g12-s05","global-final:g12-s05","e60d6b445f082c9b9637708b24a992052f983bf69f75545e3bbc208d6b989fc4","false","","0.666700","45.0","60","0.750000","0.083300"
"global-final:g12-s06","global_final","g12-s06","","55486248a5eda9b096875ada8f18492d89b02558daf8dbf09a51cf82476324f6","false","","0.266700","49.0","60","0.816667","0.549967"
"polished:g12-s06","polished","g12-s06","global-final:g12-s06","426b13eba581f2d484ede53ecf8c05dabfd9e4cb78764ce62af8f373b7ca1e7d","false","","0.616700","49.0","60","0.816667","0.199967"
"global-final:g12-s07","global_final","g12-s07","","a0332b15b378cdc78d7d20c89e3a76edbebe33b887c855ddadab020297060538","false","","0.283300","42.0","60","0.700000","0.416700"
"polished:g12-s07","polished","g12-s07","global-final:g12-s07","7448c4f2d289ee98e651140151e8867232dc147b9c2cc5e72e3b9c393966c325","false","","0.633300","47.0","60","0.783333","0.150033"
"global-final:g12-s08","global_final","g12-s08","","72bd330db2459cbe06fefe7d7ae4faa69ed9579753bc051c230dd4cbddc63e71","false","","0.350000","43.0","60","0.716667","0.366667"
"polished:g12-s08","polished","g12-s08","global-final:g12-s08","4545c58d409e54fbc60b1a20f3e69ddaf47b0473c7980837acb2864bd4e0bf16","false","","0.700000","50.0","60","0.833333","0.133333"
"global-final:g12-s09","global_final","g12-s09","","527c2a6f6185a335cf663f73b8fcaaae65e03304c376eda52f0bb82af8c12a07","false","","0.383300","45.0","60","0.750000","0.366700"
"polished:g12-s09","polished","g12-s09","global-final:g12-s09","9ccc358e4e2d7d7032df7c4ad616e77e0ebc8542707e8d9c5559c5acd5630e2d","false","","0.700000","51.0","60","0.850000","0.150000"
"global-final:g12-s10","global_final","g12-s10","","bfd8d8c0a88fff89568989fd19dc6a2b158f68f1d3d55a291d2e60f39dc88e00","false","","0.383300","35.0","60","0.583333","0.200033"
"polished:g12-s10","polished","g12-s10","global-final:g12-s10","8cbcf6de7b8f03801a4c5d2447e993b486447536a9b52b23f33aa420d6c2112e","false","","0.666700","48.0","60","0.800000","0.133300"
"global-final:g12-s11","global_final","g12-s11","","954b5b2175394bcf681c26ce5231b1733f2931108886c4856dc849239a1ec06c","false","","0.316700","36.0","60","0.600000","0.283300"
"polished:g12-s11","polished","g12-s11","global-final:g12-s11","ee955626596ef843ca21083400260afe994b83e80f6e7898bd40067ea6a84106","false","","0.566700","42.0","60","0.700000","0.133300"
"global-final:g12-s12","global_final","g12-s12","","c8be55f1937e08bcd6632777064454032cee3b0250dd76b73e2481406e874c49","false","","0.383300","42.0","60","0.700000","0.316700"
"polished:g12-s12","polished","g12-s12","global-final:g12-s12","4103b257cda23c46a7dce56dbe3c7a066705a6c583f2f074f69e6b35ce7dfbe7","false","","0.600000","42.0","60","0.700000","0.100000"
"global-final:g12-s13","global_final","g12-s13","","e4e2c903e233836822bd16a62d1997bf1dd7443a00dbe09e8c3d370aa8281254","false","","0.400000","44.0","60","0.733333","0.333333"
"polished:g12-s13","polished","g12-s13","global-final:g12-s13","63c7c5d70ac9a332acb73d9c997502a5ca9c76eabb2a9a740e609fbc3f7c7348","false","","0.550000","48.0","60","0.800000","0.250000"
"global-final:g12-s14","global_final","g12-s14","","a1c3dbef8c0a616967368279c9037044722314d89ae0a912c413a77adb6797d5","false","","0.350000","44.0","60","0.733333","0.383333"
"polished:g12-s14","polished","g12-s14","global-final:g12-s14","12f9e88b367a3a42d602ac1bd8f37b796e1daf72e3e3f675244fcb3ebe655243","false","","0.683300","44.0","60","0.733333","0.050033"
"local-only:angelry","local_only","angelry","original:angelry","e998567ffb17f0419ee91c7187bca02487b60f74913cdac58f1ae34ead5d9cd8","false","","0.450000","13.0","60","0.216667","-0.233333"
"local-only:bugout-battery","local_only","bugout-battery","original:bugout-battery","8f82f5e80e45cde10961a31449791c0fa43b2768f7707d1d2ab3f29665649577","false","","0.766700","49.0","60","0.816667","0.049967"
"local-only:genaix","local_only","genaix","original:genaix","0b4097a5b5ef229820cb5afed993237b761bf89fcbff6527b072814c33a27d0b","false","","0.608300","56.0","60","0.933333","0.325033"
"local-only:hooper","local_only","hooper","original:hooper","2273ed0fa9f74037405d6b70e3dff086cd3e92a0875d47f7ad18fb56feca7752","false","","0.733300","35.0","60","0.583333","-0.149967"
"local-only:hply","local_only","hply","original:hply","91b2e880fa0a0e25bdedce76872aa8f860c51167cba137cd37c0702551e93514","false","","0.900000","53.0","60","0.883333","-0.016667"
"local-only:kebo","local_only","kebo","original:kebo","d00323c981e143d7bd5b868e56f502bb6901a2f31dfb2bc2ac2e21055cc458f4","false","","0.216700","4.0","60","0.066667","-0.150033"
"local-only:lockguard","local_only","lockguard","original:lockguard","3d8a0d0b69d3cb931800ef53374427a3c1a30fa8beab0a7df9afc39871265574","false","","0.800000","46.0","60","0.766667","-0.033333"
"local-only:lumivisor","local_only","lumivisor","original:lumivisor","f793f94b6025a8363aac8e53a1d86ecc3697f1574290906e74a561384a8fe958","false","","0.433300","10.0","60","0.166667","-0.266633"
"local-only:my-story","local_only","my-story","original:my-story","2cc2a07c7dcc4ee4025cc63615f79c1ee599f726d200a28ad16d9f425f940a97","false","","0.383300","34.0","60","0.566667","0.183367"
"local-only:remotion-ai","local_only","remotion-ai","original:remotion-ai","883d43de5ceaea7aa8f996703e0a0df1ce6967b874cb89b33afde5073d268315","false","","0.700000","38.0","60","0.633333","-0.066667"
"local-only:rent-a-bee","local_only","rent-a-bee","original:rent-a-bee","3657bdb647b11bf23b1097ddd93cc62a9111df0d1985c09eadbe20933c048839","false","","0.683300","42.0","60","0.700000","0.016700"
"local-only:sale-finder","local_only","sale-finder","original:sale-finder","aecf4eebbefc80ecd35dc4493f98368ed42da58864888ba43f5c2ce2dd485039","false","","0.783300","43.0","60","0.716667","-0.066633"
"local-only:viaia","local_only","viaia","original:viaia","c4c637d38b45e40ebf28df5e97aa17cb63f0891391f120138d63624cf7d802c8","false","","0.533300","25.0","60","0.416667","-0.116633"
"local-only:voyagx","local_only","voyagx","original:voyagx","24962dbe29d7715f4758a690b5239fb1f0ba6dc611d409e7900b1463e00a7a90","false","","0.366700","33.0","60","0.550000","0.183300"
"local-only:clockchain","local_only","clockchain","original:clockchain","f29ad5bbf5c31f41ebc75c89af0e832e230e635efd4abb4de115ac8765143ec8","false","","0.875000","45.0","60","0.750000","-0.125000"
